[{"model": "buildings.houseimage", "pk": 1, "fields": {"house": 1, "title": "title2", "image_url": "./simple-living-room-01.jpg"}}, {"model": "buildings.houseimage", "pk": 2, "fields": {"house": 1, "title": "title 1", "image_url": "./resturant-interrior.jpg"}}, {"model": "buildings.houseimage", "pk": 3, "fields": {"house": 1, "title": "title 3", "image_url": "./bedroom-02.jpg"}}, {"model": "buildings.houseimage", "pk": 4, "fields": {"house": 6, "title": "title 1", "image_url": "./property-06-exterior.jpg"}}, {"model": "buildings.houseimage", "pk": 5, "fields": {"house": 6, "title": "title 2", "image_url": "./property-09-exterior.jpg"}}, {"model": "buildings.houseimage", "pk": 6, "fields": {"house": 6, "title": "title 3", "image_url": "./property-11-exterior.jpg"}}, {"model": "buildings.housedetails", "pk": 1, "fields": {"house": 1, "text": "This is a sample note to share some basic information on all properties. This note can be enabled or disabled from Real Homes settings and its text plus label is fully customizable.", "garage": 3, "year_built": "2018-02-20", "video": "https://www.youtube.com/watch?v=ktOvf_vNGAE"}}, {"model": "buildings.housedetails", "pk": 2, "fields": {"house": 6, "text": "This is a sample note to share some basic information on all properties. This note can be enabled or disabled from Real Homes settings and its text plus label is fully customizable.", "garage": 3, "year_built": "2018-02-20", "video": "https://www.youtube.com/watch?v=ktOvf_vNGAE"}}, {"model": "authentication.role", "pk": 1, "fields": {"name": "Users"}}, {"model": "authentication.role", "pk": 2, "fields": {"name": "Agent"}}, {"model": "authentication.role", "pk": 3, "fields": {"name": "Buyers"}}, {"model": "authentication.phone", "pk": 1, "fields": {"type": "Cellular"}}, {"model": "authentication.phone", "pk": 2, "fields": {"type": "Office"}}, {"model": "authentication.phone", "pk": 3, "fields": {"type": "Mobile"}}, {"model": "authentication.phone", "pk": 4, "fields": {"type": "Fax"}}, {"model": "authentication.phone", "pk": 5, "fields": {"type": "WhatsApp"}}, {"model": "news.newsimage", "pk": 1, "fields": {"title": "", "image": "./news-post-3.jpg", "news": 1}}, {"model": "news.newsimage", "pk": 2, "fields": {"title": "", "image": "./news-post-1-850x570.jpg", "news": 1}}, {"model": "news.newsimage", "pk": 3, "fields": {"title": "", "image": "./news-post-2.jpg", "news": 1}}, {"model": "news.newsimage", "pk": 4, "fields": {"title": "", "image": "./news-post-7.jpg", "news": 2}}, {"model": "news.newsimage", "pk": 5, "fields": {"title": "", "image": "./news-post-6.jpg", "news": 2}}, {"model": "news.newsimage", "pk": 6, "fields": {"title": "", "image": "./news-post-4.jpg", "news": 2}}, {"model": "news.newsimage", "pk": 7, "fields": {"title": "", "image": "./news-post-4_DpUbyjd.jpg", "news": 3}}, {"model": "news.newsimage", "pk": 8, "fields": {"title": "", "image": "./news-post-3_0025EEp.jpg", "news": 3}}, {"model": "news.newsimage", "pk": 9, "fields": {"title": "", "image": "./news-post-7_yRS4f8C.jpg", "news": 3}}, {"model": "news.newsimage", "pk": 10, "fields": {"title": "", "image": "./news-post-4_dcAQrVY.jpg", "news": 4}}, {"model": "news.newsimage", "pk": 11, "fields": {"title": "", "image": "./news-post-2_No2eRXq.jpg", "news": 4}}, {"model": "news.newsimage", "pk": 12, "fields": {"title": "", "image": "./news-post-6_tMZf4RC.jpg", "news": 4}}, {"model": "contenttypes.contenttype", "pk": 1, "fields": {"app_label": "buildings", "model": "house"}}, {"model": "contenttypes.contenttype", "pk": 2, "fields": {"app_label": "buildings", "model": "houseimage"}}, {"model": "contenttypes.contenttype", "pk": 3, "fields": {"app_label": "buildings", "model": "housedetails"}}, {"model": "contenttypes.contenttype", "pk": 4, "fields": {"app_label": "buildings", "model": "housevisited"}}, {"model": "contenttypes.contenttype", "pk": 5, "fields": {"app_label": "authentication", "model": "role"}}, {"model": "contenttypes.contenttype", "pk": 6, "fields": {"app_label": "authentication", "model": "userprofile"}}, {"model": "contenttypes.contenttype", "pk": 7, "fields": {"app_label": "authentication", "model": "phone"}}, {"model": "contenttypes.contenttype", "pk": 8, "fields": {"app_label": "authentication", "model": "userphone"}}, {"model": "contenttypes.contenttype", "pk": 9, "fields": {"app_label": "admin", "model": "logentry"}}, {"model": "contenttypes.contenttype", "pk": 10, "fields": {"app_label": "auth", "model": "permission"}}, {"model": "contenttypes.contenttype", "pk": 11, "fields": {"app_label": "auth", "model": "group"}}, {"model": "contenttypes.contenttype", "pk": 12, "fields": {"app_label": "auth", "model": "user"}}, {"model": "contenttypes.contenttype", "pk": 13, "fields": {"app_label": "contenttypes", "model": "contenttype"}}, {"model": "contenttypes.contenttype", "pk": 14, "fields": {"app_label": "sessions", "model": "session"}}, {"model": "contenttypes.contenttype", "pk": 15, "fields": {"app_label": "authentication", "model": "userfavorites"}}, {"model": "contenttypes.contenttype", "pk": 16, "fields": {"app_label": "agents", "model": "usermessage"}}, {"model": "contenttypes.contenttype", "pk": 17, "fields": {"app_label": "buildings", "model": "houselocation"}}, {"model": "contenttypes.contenttype", "pk": 18, "fields": {"app_label": "news", "model": "news"}}, {"model": "contenttypes.contenttype", "pk": 19, "fields": {"app_label": "news", "model": "newsimage"}}, {"model": "contenttypes.contenttype", "pk": 20, "fields": {"app_label": "news", "model": "comments"}}, {"model": "sessions.session", "pk": "5u1ettpt7j6c7jb5hs2s37h2udcfdrer", "fields": {"session_data": "ZmNkNGNmNWZjMTJmYzhmYTZkN2Q5NGM5ZTRmZWExNmRiNWM3OTBmNDp7Il9hdXRoX3VzZXJfaGFzaCI6ImVkODNkYTA0YTZhNjZlYTdiMDc1NDRhYzFhZWNiMzgzNzVjMjk3OTAiLCJfYXV0aF91c2VyX2JhY2tlbmQiOiJkamFuZ28uY29udHJpYi5hdXRoLmJhY2tlbmRzLk1vZGVsQmFja2VuZCIsIl9hdXRoX3VzZXJfaWQiOiIyNyJ9", "expire_date": "2018-03-22T15:29:11.959Z"}}, {"model": "sessions.session", "pk": "bslh9qu6sadt1cg5qy3n8f6urep5ojrq", "fields": {"session_data": "NGZlYzgxYTllMDFmNTk1YTc3ODA3ZGZmMDhmNmYzNjZjNmQ0MjQ2Yjp7Il9hdXRoX3VzZXJfaGFzaCI6IjFkNmQwNjRlNDA4MDc2M2MxYTU0NzNlNGU2ZmQxZmIwMTAzYjFmOGUiLCJfYXV0aF91c2VyX2JhY2tlbmQiOiJkamFuZ28uY29udHJpYi5hdXRoLmJhY2tlbmRzLk1vZGVsQmFja2VuZCIsIl9hdXRoX3VzZXJfaWQiOiIyOCJ9", "expire_date": "2018-03-22T15:19:01.030Z"}}, {"model": "sessions.session", "pk": "f64792lbt2a9vo5mamjgzxigdag5chjd", "fields": {"session_data": "YmFjNDY3ZjE0NDU4YTQyY2M4YzZiYWFjODgzZGNkOTRlYTA5MTM5Yzp7Il9hdXRoX3VzZXJfaGFzaCI6IjQ3NzYxNTE0ZmE5YjNjZGQ4NmZmODRhNjZjNGZmMTg4Y2Y3MDM5NGYiLCJfYXV0aF91c2VyX2JhY2tlbmQiOiJkamFuZ28uY29udHJpYi5hdXRoLmJhY2tlbmRzLk1vZGVsQmFja2VuZCIsIl9hdXRoX3VzZXJfaWQiOiIyOSJ9", "expire_date": "2018-03-22T15:29:51.075Z"}}, {"model": "sessions.session", "pk": "hzrezxpl8nxkmu44qpzk9hsjo8dlnctt", "fields": {"session_data": "NGZlYzgxYTllMDFmNTk1YTc3ODA3ZGZmMDhmNmYzNjZjNmQ0MjQ2Yjp7Il9hdXRoX3VzZXJfaGFzaCI6IjFkNmQwNjRlNDA4MDc2M2MxYTU0NzNlNGU2ZmQxZmIwMTAzYjFmOGUiLCJfYXV0aF91c2VyX2JhY2tlbmQiOiJkamFuZ28uY29udHJpYi5hdXRoLmJhY2tlbmRzLk1vZGVsQmFja2VuZCIsIl9hdXRoX3VzZXJfaWQiOiIyOCJ9", "expire_date": "2018-03-27T16:20:04.796Z"}}, {"model": "sessions.session", "pk": "oxh0e5fq021e6ry1m5sv8sq1bccqpfvw", "fields": {"session_data": "MDRhZDBjYWI1NjBlMjkwNWM2ZmFkMTZiNDIyODc4OTI5YmIzZTNiNzp7Il9hdXRoX3VzZXJfaGFzaCI6IjYzOTZmZTM4N2RiYzY3ZmQ3MjljMjEwYzJhMmJiNGY1YzQ1ZGE5Y2QiLCJfYXV0aF91c2VyX2JhY2tlbmQiOiJkamFuZ28uY29udHJpYi5hdXRoLmJhY2tlbmRzLk1vZGVsQmFja2VuZCIsIl9hdXRoX3VzZXJfaWQiOiIxIn0=", "expire_date": "2018-03-24T07:59:11.759Z"}}, {"model": "sessions.session", "pk": "y5jdq3zlh7ontpdf3rey682v102k929a", "fields": {"session_data": "MDRhZDBjYWI1NjBlMjkwNWM2ZmFkMTZiNDIyODc4OTI5YmIzZTNiNzp7Il9hdXRoX3VzZXJfaGFzaCI6IjYzOTZmZTM4N2RiYzY3ZmQ3MjljMjEwYzJhMmJiNGY1YzQ1ZGE5Y2QiLCJfYXV0aF91c2VyX2JhY2tlbmQiOiJkamFuZ28uY29udHJpYi5hdXRoLmJhY2tlbmRzLk1vZGVsQmFja2VuZCIsIl9hdXRoX3VzZXJfaWQiOiIxIn0=", "expire_date": "2018-03-24T15:40:12.878Z"}}, {"model": "auth.permission", "pk": 1, "fields": {"name": "Can add house", "content_type": 1, "codename": "add_house"}}, {"model": "auth.permission", "pk": 2, "fields": {"name": "Can change house", "content_type": 1, "codename": "change_house"}}, {"model": "auth.permission", "pk": 3, "fields": {"name": "Can delete house", "content_type": 1, "codename": "delete_house"}}, {"model": "auth.permission", "pk": 4, "fields": {"name": "Can add house image", "content_type": 2, "codename": "add_houseimage"}}, {"model": "auth.permission", "pk": 5, "fields": {"name": "Can change house image", "content_type": 2, "codename": "change_houseimage"}}, {"model": "auth.permission", "pk": 6, "fields": {"name": "Can delete house image", "content_type": 2, "codename": "delete_houseimage"}}, {"model": "auth.permission", "pk": 7, "fields": {"name": "Can add house details", "content_type": 3, "codename": "add_housedetails"}}, {"model": "auth.permission", "pk": 8, "fields": {"name": "Can change house details", "content_type": 3, "codename": "change_housedetails"}}, {"model": "auth.permission", "pk": 9, "fields": {"name": "Can delete house details", "content_type": 3, "codename": "delete_housedetails"}}, {"model": "auth.permission", "pk": 10, "fields": {"name": "Can add house visited", "content_type": 4, "codename": "add_housevisited"}}, {"model": "auth.permission", "pk": 11, "fields": {"name": "Can change house visited", "content_type": 4, "codename": "change_housevisited"}}, {"model": "auth.permission", "pk": 12, "fields": {"name": "Can delete house visited", "content_type": 4, "codename": "delete_housevisited"}}, {"model": "auth.permission", "pk": 13, "fields": {"name": "Can add role", "content_type": 5, "codename": "add_role"}}, {"model": "auth.permission", "pk": 14, "fields": {"name": "Can change role", "content_type": 5, "codename": "change_role"}}, {"model": "auth.permission", "pk": 15, "fields": {"name": "Can delete role", "content_type": 5, "codename": "delete_role"}}, {"model": "auth.permission", "pk": 16, "fields": {"name": "Can add user profile", "content_type": 6, "codename": "add_userprofile"}}, {"model": "auth.permission", "pk": 17, "fields": {"name": "Can change user profile", "content_type": 6, "codename": "change_userprofile"}}, {"model": "auth.permission", "pk": 18, "fields": {"name": "Can delete user profile", "content_type": 6, "codename": "delete_userprofile"}}, {"model": "auth.permission", "pk": 19, "fields": {"name": "Can add phone", "content_type": 7, "codename": "add_phone"}}, {"model": "auth.permission", "pk": 20, "fields": {"name": "Can change phone", "content_type": 7, "codename": "change_phone"}}, {"model": "auth.permission", "pk": 21, "fields": {"name": "Can delete phone", "content_type": 7, "codename": "delete_phone"}}, {"model": "auth.permission", "pk": 22, "fields": {"name": "Can add user phone", "content_type": 8, "codename": "add_userphone"}}, {"model": "auth.permission", "pk": 23, "fields": {"name": "Can change user phone", "content_type": 8, "codename": "change_userphone"}}, {"model": "auth.permission", "pk": 24, "fields": {"name": "Can delete user phone", "content_type": 8, "codename": "delete_userphone"}}, {"model": "auth.permission", "pk": 25, "fields": {"name": "Can add log entry", "content_type": 9, "codename": "add_logentry"}}, {"model": "auth.permission", "pk": 26, "fields": {"name": "Can change log entry", "content_type": 9, "codename": "change_logentry"}}, {"model": "auth.permission", "pk": 27, "fields": {"name": "Can delete log entry", "content_type": 9, "codename": "delete_logentry"}}, {"model": "auth.permission", "pk": 28, "fields": {"name": "Can add permission", "content_type": 10, "codename": "add_permission"}}, {"model": "auth.permission", "pk": 29, "fields": {"name": "Can change permission", "content_type": 10, "codename": "change_permission"}}, {"model": "auth.permission", "pk": 30, "fields": {"name": "Can delete permission", "content_type": 10, "codename": "delete_permission"}}, {"model": "auth.permission", "pk": 31, "fields": {"name": "Can add group", "content_type": 11, "codename": "add_group"}}, {"model": "auth.permission", "pk": 32, "fields": {"name": "Can change group", "content_type": 11, "codename": "change_group"}}, {"model": "auth.permission", "pk": 33, "fields": {"name": "Can delete group", "content_type": 11, "codename": "delete_group"}}, {"model": "auth.permission", "pk": 34, "fields": {"name": "Can add user", "content_type": 12, "codename": "add_user"}}, {"model": "auth.permission", "pk": 35, "fields": {"name": "Can change user", "content_type": 12, "codename": "change_user"}}, {"model": "auth.permission", "pk": 36, "fields": {"name": "Can delete user", "content_type": 12, "codename": "delete_user"}}, {"model": "auth.permission", "pk": 37, "fields": {"name": "Can add content type", "content_type": 13, "codename": "add_contenttype"}}, {"model": "auth.permission", "pk": 38, "fields": {"name": "Can change content type", "content_type": 13, "codename": "change_contenttype"}}, {"model": "auth.permission", "pk": 39, "fields": {"name": "Can delete content type", "content_type": 13, "codename": "delete_contenttype"}}, {"model": "auth.permission", "pk": 40, "fields": {"name": "Can add session", "content_type": 14, "codename": "add_session"}}, {"model": "auth.permission", "pk": 41, "fields": {"name": "Can change session", "content_type": 14, "codename": "change_session"}}, {"model": "auth.permission", "pk": 42, "fields": {"name": "Can delete session", "content_type": 14, "codename": "delete_session"}}, {"model": "auth.permission", "pk": 43, "fields": {"name": "Can add user favorites", "content_type": 15, "codename": "add_userfavorites"}}, {"model": "auth.permission", "pk": 44, "fields": {"name": "Can change user favorites", "content_type": 15, "codename": "change_userfavorites"}}, {"model": "auth.permission", "pk": 45, "fields": {"name": "Can delete user favorites", "content_type": 15, "codename": "delete_userfavorites"}}, {"model": "auth.permission", "pk": 46, "fields": {"name": "Can add user message", "content_type": 16, "codename": "add_usermessage"}}, {"model": "auth.permission", "pk": 47, "fields": {"name": "Can change user message", "content_type": 16, "codename": "change_usermessage"}}, {"model": "auth.permission", "pk": 48, "fields": {"name": "Can delete user message", "content_type": 16, "codename": "delete_usermessage"}}, {"model": "auth.permission", "pk": 49, "fields": {"name": "Can add house location", "content_type": 17, "codename": "add_houselocation"}}, {"model": "auth.permission", "pk": 50, "fields": {"name": "Can change house location", "content_type": 17, "codename": "change_houselocation"}}, {"model": "auth.permission", "pk": 51, "fields": {"name": "Can delete house location", "content_type": 17, "codename": "delete_houselocation"}}, {"model": "auth.permission", "pk": 52, "fields": {"name": "Can add news", "content_type": 18, "codename": "add_news"}}, {"model": "auth.permission", "pk": 53, "fields": {"name": "Can change news", "content_type": 18, "codename": "change_news"}}, {"model": "auth.permission", "pk": 54, "fields": {"name": "Can delete news", "content_type": 18, "codename": "delete_news"}}, {"model": "auth.permission", "pk": 55, "fields": {"name": "Can add news image", "content_type": 19, "codename": "add_newsimage"}}, {"model": "auth.permission", "pk": 56, "fields": {"name": "Can change news image", "content_type": 19, "codename": "change_newsimage"}}, {"model": "auth.permission", "pk": 57, "fields": {"name": "Can delete news image", "content_type": 19, "codename": "delete_newsimage"}}, {"model": "auth.permission", "pk": 58, "fields": {"name": "Can add comments", "content_type": 20, "codename": "add_comments"}}, {"model": "auth.permission", "pk": 59, "fields": {"name": "Can change comments", "content_type": 20, "codename": "change_comments"}}, {"model": "auth.permission", "pk": 60, "fields": {"name": "Can delete comments", "content_type": 20, "codename": "delete_comments"}}, {"model": "auth.user", "pk": 1, "fields": {"password": "pbkdf2_sha256$24000$rF0WEpVYlpoK$TAffEGADrLNQdYbMhf1qpv2uXwf0cLOdzchDGsBbpCI=", "last_login": "2018-03-12T22:13:06.721Z", "is_superuser": true, "username": "Arthur", "first_name": "Arthur", "last_name": "Feduniv", "email": "Artyr2643@gmail.com", "is_staff": true, "is_active": true, "date_joined": "2018-02-20T19:26:39Z", "groups": [], "user_permissions": []}}, {"model": "auth.user", "pk": 26, "fields": {"password": "pbkdf2_sha256$24000$qVdlMDJ4KdHx$H1j63y0lgQVnOANgZO/U3G9+Guq4S0yoxoW4TbKwr0k=", "last_login": "2018-03-06T16:26:36Z", "is_superuser": false, "username": "Nathan", "first_name": "Nathan", "last_name": "James", "email": "xuhes@1webmail.info", "is_staff": false, "is_active": true, "date_joined": "2018-03-06T16:26:05Z", "groups": [], "user_permissions": []}}, {"model": "auth.user", "pk": 27, "fields": {"password": "pbkdf2_sha256$24000$5AYKCvSK68X3$6YG0GX9fwzzlK+ot5QHOC9U/cudz7DM9VWyNj4o6EG8=", "last_login": "2018-03-08T15:29:11.859Z", "is_superuser": false, "username": "Melissa", "first_name": "Melissa", "last_name": "William", "email": "wejem@twocowmail.net", "is_staff": false, "is_active": true, "date_joined": "2018-03-06T16:28:05Z", "groups": [], "user_permissions": []}}, {"model": "auth.user", "pk": 28, "fields": {"password": "pbkdf2_sha256$24000$ZdXbGnXPNM6C$/L4Uwrae7o4C5eRVDJSt/ZQl7SQ4HryHu0Gx+Y3qatM=", "last_login": "2018-03-13T16:20:04.719Z", "is_superuser": false, "username": "Alice", "first_name": "Alice", "last_name": "Brian", "email": "malecubo@eth2btc.info", "is_staff": false, "is_active": true, "date_joined": "2018-03-06T16:29:18Z", "groups": [], "user_permissions": []}}, {"model": "auth.user", "pk": 29, "fields": {"password": "pbkdf2_sha256$24000$bPz569yHzEDd$i/21BVIW30lqO+732oVUO6INxk/o3vLz2246Ru5AznQ=", "last_login": "2018-03-08T15:29:50.970Z", "is_superuser": false, "username": "John", "first_name": "John", "last_name": "David", "email": "yiza@eth2btc.info", "is_staff": false, "is_active": true, "date_joined": "2018-03-06T16:31:24Z", "groups": [], "user_permissions": []}}, {"model": "admin.logentry", "pk": 1, "fields": {"action_time": "2018-02-20T19:27:40.660Z", "user": 1, "content_type": 1, "object_id": "1", "object_repr": "Home in Merrick Way", "action_flag": 1, "change_message": "Added."}}, {"model": "admin.logentry", "pk": 2, "fields": {"action_time": "2018-02-20T19:28:49.719Z", "user": 1, "content_type": 1, "object_id": "2", "object_repr": "Villa in Coral Gables", "action_flag": 1, "change_message": "Added."}}, {"model": "admin.logentry", "pk": 3, "fields": {"action_time": "2018-02-20T19:30:10.182Z", "user": 1, "content_type": 1, "object_id": "3", "object_repr": "Villa on Hollywood Boulevard", "action_flag": 1, "change_message": "Added."}}, {"model": "admin.logentry", "pk": 4, "fields": {"action_time": "2018-02-20T19:31:19.421Z", "user": 1, "content_type": 1, "object_id": "4", "object_repr": "Villa on Grand Avenue", "action_flag": 1, "change_message": "Added."}}, {"model": "admin.logentry", "pk": 5, "fields": {"action_time": "2018-02-20T19:32:53.988Z", "user": 1, "content_type": 1, "object_id": "1", "object_repr": "Home in Merrick Way", "action_flag": 2, "change_message": "Changed image_url. Added house details \"HouseDetails object\". Added house image \"HouseImage object\". Added house image \"HouseImage object\". Added house image \"HouseImage object\"."}}, {"model": "admin.logentry", "pk": 6, "fields": {"action_time": "2018-02-20T19:33:49.357Z", "user": 1, "content_type": 1, "object_id": "5", "object_repr": "Villa on Grand Avenu", "action_flag": 1, "change_message": "Added."}}, {"model": "admin.logentry", "pk": 7, "fields": {"action_time": "2018-02-20T19:34:56.628Z", "user": 1, "content_type": 1, "object_id": "6", "object_repr": "Office Space at Northwest 107th", "action_flag": 1, "change_message": "Added."}}, {"model": "admin.logentry", "pk": 8, "fields": {"action_time": "2018-02-20T19:36:23.803Z", "user": 1, "content_type": 1, "object_id": "6", "object_repr": "Office Space at Northwest 107th", "action_flag": 2, "change_message": "Added house details \"HouseDetails object\". Added house image \"HouseImage object\". Added house image \"HouseImage object\". Added house image \"HouseImage object\"."}}, {"model": "admin.logentry", "pk": 9, "fields": {"action_time": "2018-02-24T20:54:25.648Z", "user": 1, "content_type": 1, "object_id": "6", "object_repr": "Office Space at Northwest 107th", "action_flag": 2, "change_message": "Changed video for house details \"HouseDetails object\"."}}, {"model": "admin.logentry", "pk": 10, "fields": {"action_time": "2018-02-24T20:55:04.683Z", "user": 1, "content_type": 1, "object_id": "1", "object_repr": "Home in Merrick Way", "action_flag": 2, "change_message": "Changed video for house details \"HouseDetails object\"."}}, {"model": "admin.logentry", "pk": 11, "fields": {"action_time": "2018-03-05T13:00:00.445Z", "user": 1, "content_type": 12, "object_id": "9", "object_repr": "fedt", "action_flag": 3, "change_message": ""}}, {"model": "admin.logentry", "pk": 12, "fields": {"action_time": "2018-03-05T13:00:00.553Z", "user": 1, "content_type": 12, "object_id": "23", "object_repr": "frg", "action_flag": 3, "change_message": ""}}, {"model": "admin.logentry", "pk": 13, "fields": {"action_time": "2018-03-05T13:00:00.630Z", "user": 1, "content_type": 12, "object_id": "15", "object_repr": "jsdfg", "action_flag": 3, "change_message": ""}}, {"model": "admin.logentry", "pk": 14, "fields": {"action_time": "2018-03-05T13:00:00.730Z", "user": 1, "content_type": 12, "object_id": "10", "object_repr": "red", "action_flag": 3, "change_message": ""}}, {"model": "admin.logentry", "pk": 15, "fields": {"action_time": "2018-03-05T13:00:00.808Z", "user": 1, "content_type": 12, "object_id": "6", "object_repr": "resr", "action_flag": 3, "change_message": ""}}, {"model": "admin.logentry", "pk": 16, "fields": {"action_time": "2018-03-05T13:00:00.930Z", "user": 1, "content_type": 12, "object_id": "7", "object_repr": "resrr", "action_flag": 3, "change_message": ""}}, {"model": "admin.logentry", "pk": 17, "fields": {"action_time": "2018-03-05T13:00:01.008Z", "user": 1, "content_type": 12, "object_id": "8", "object_repr": "resrrr12", "action_flag": 3, "change_message": ""}}, {"model": "admin.logentry", "pk": 18, "fields": {"action_time": "2018-03-05T13:00:01.085Z", "user": 1, "content_type": 12, "object_id": "4", "object_repr": "ret", "action_flag": 3, "change_message": ""}}, {"model": "admin.logentry", "pk": 19, "fields": {"action_time": "2018-03-05T13:00:01.163Z", "user": 1, "content_type": 12, "object_id": "24", "object_repr": "tedf3", "action_flag": 3, "change_message": ""}}, {"model": "admin.logentry", "pk": 20, "fields": {"action_time": "2018-03-05T13:00:01.252Z", "user": 1, "content_type": 12, "object_id": "2", "object_repr": "test", "action_flag": 3, "change_message": ""}}, {"model": "admin.logentry", "pk": 21, "fields": {"action_time": "2018-03-05T13:00:01.329Z", "user": 1, "content_type": 12, "object_id": "3", "object_repr": "test123", "action_flag": 3, "change_message": ""}}, {"model": "admin.logentry", "pk": 22, "fields": {"action_time": "2018-03-05T13:00:01.407Z", "user": 1, "content_type": 12, "object_id": "11", "object_repr": "testred", "action_flag": 3, "change_message": ""}}, {"model": "admin.logentry", "pk": 23, "fields": {"action_time": "2018-03-05T13:00:01.518Z", "user": 1, "content_type": 12, "object_id": "12", "object_repr": "testrede", "action_flag": 3, "change_message": ""}}, {"model": "admin.logentry", "pk": 24, "fields": {"action_time": "2018-03-05T13:00:01.617Z", "user": 1, "content_type": 12, "object_id": "13", "object_repr": "testredew", "action_flag": 3, "change_message": ""}}, {"model": "admin.logentry", "pk": 25, "fields": {"action_time": "2018-03-05T13:00:01.717Z", "user": 1, "content_type": 12, "object_id": "14", "object_repr": "testredewe", "action_flag": 3, "change_message": ""}}, {"model": "admin.logentry", "pk": 26, "fields": {"action_time": "2018-03-05T13:00:01.795Z", "user": 1, "content_type": 12, "object_id": "25", "object_repr": "testwe", "action_flag": 3, "change_message": ""}}, {"model": "admin.logentry", "pk": 27, "fields": {"action_time": "2018-03-05T13:00:01.873Z", "user": 1, "content_type": 12, "object_id": "16", "object_repr": "tod", "action_flag": 3, "change_message": ""}}, {"model": "admin.logentry", "pk": 28, "fields": {"action_time": "2018-03-05T13:00:01.950Z", "user": 1, "content_type": 12, "object_id": "17", "object_repr": "tod1", "action_flag": 3, "change_message": ""}}, {"model": "admin.logentry", "pk": 29, "fields": {"action_time": "2018-03-05T13:00:02.050Z", "user": 1, "content_type": 12, "object_id": "18", "object_repr": "tod12", "action_flag": 3, "change_message": ""}}, {"model": "admin.logentry", "pk": 30, "fields": {"action_time": "2018-03-05T13:00:02.185Z", "user": 1, "content_type": 12, "object_id": "19", "object_repr": "tod123", "action_flag": 3, "change_message": ""}}, {"model": "admin.logentry", "pk": 31, "fields": {"action_time": "2018-03-05T13:00:02.272Z", "user": 1, "content_type": 12, "object_id": "20", "object_repr": "tod1234", "action_flag": 3, "change_message": ""}}, {"model": "admin.logentry", "pk": 32, "fields": {"action_time": "2018-03-05T13:00:02.350Z", "user": 1, "content_type": 12, "object_id": "21", "object_repr": "tod123a", "action_flag": 3, "change_message": ""}}, {"model": "admin.logentry", "pk": 33, "fields": {"action_time": "2018-03-05T13:00:02.428Z", "user": 1, "content_type": 12, "object_id": "22", "object_repr": "tod123ab", "action_flag": 3, "change_message": ""}}, {"model": "admin.logentry", "pk": 34, "fields": {"action_time": "2018-03-05T13:00:02.494Z", "user": 1, "content_type": 12, "object_id": "5", "object_repr": "wert", "action_flag": 3, "change_message": ""}}, {"model": "admin.logentry", "pk": 35, "fields": {"action_time": "2018-03-05T16:46:35.574Z", "user": 1, "content_type": 12, "object_id": "1", "object_repr": "Arthur", "action_flag": 2, "change_message": "Added user profile \"UserProfile object\"."}}, {"model": "admin.logentry", "pk": 36, "fields": {"action_time": "2018-03-06T15:45:38.401Z", "user": 1, "content_type": 5, "object_id": "1", "object_repr": "Role object", "action_flag": 1, "change_message": "Added."}}, {"model": "admin.logentry", "pk": 37, "fields": {"action_time": "2018-03-06T15:45:46.958Z", "user": 1, "content_type": 5, "object_id": "2", "object_repr": "Role object", "action_flag": 1, "change_message": "Added."}}, {"model": "admin.logentry", "pk": 38, "fields": {"action_time": "2018-03-06T15:46:17.292Z", "user": 1, "content_type": 5, "object_id": "3", "object_repr": "Role object", "action_flag": 1, "change_message": "Added."}}, {"model": "admin.logentry", "pk": 39, "fields": {"action_time": "2018-03-06T16:32:14.946Z", "user": 1, "content_type": 12, "object_id": "28", "object_repr": "Alice", "action_flag": 2, "change_message": "Added user profile \"UserProfile object\"."}}, {"model": "admin.logentry", "pk": 40, "fields": {"action_time": "2018-03-06T16:32:25.124Z", "user": 1, "content_type": 12, "object_id": "29", "object_repr": "John", "action_flag": 2, "change_message": "Added user profile \"UserProfile object\"."}}, {"model": "admin.logentry", "pk": 41, "fields": {"action_time": "2018-03-06T16:34:26.177Z", "user": 1, "content_type": 12, "object_id": "26", "object_repr": "Nathan", "action_flag": 2, "change_message": "Added user profile \"UserProfile object\"."}}, {"model": "admin.logentry", "pk": 42, "fields": {"action_time": "2018-03-06T16:34:46.623Z", "user": 1, "content_type": 12, "object_id": "27", "object_repr": "Melissa", "action_flag": 2, "change_message": "Added user profile \"UserProfile object\"."}}, {"model": "admin.logentry", "pk": 43, "fields": {"action_time": "2018-03-06T16:35:07.797Z", "user": 1, "content_type": 12, "object_id": "28", "object_repr": "Alice", "action_flag": 2, "change_message": "Added user profile \"UserProfile object\". Changed avatar for user profile \"UserProfile object\"."}}, {"model": "admin.logentry", "pk": 44, "fields": {"action_time": "2018-03-06T16:35:31.310Z", "user": 1, "content_type": 12, "object_id": "29", "object_repr": "John", "action_flag": 2, "change_message": "Added user profile \"UserProfile object\". Changed avatar for user profile \"UserProfile object\"."}}, {"model": "admin.logentry", "pk": 45, "fields": {"action_time": "2018-03-06T16:35:55.905Z", "user": 1, "content_type": 12, "object_id": "28", "object_repr": "Alice", "action_flag": 2, "change_message": "Changed first_name and last_name. Added user profile \"UserProfile object\"."}}, {"model": "admin.logentry", "pk": 46, "fields": {"action_time": "2018-03-06T16:36:18.333Z", "user": 1, "content_type": 12, "object_id": "26", "object_repr": "Nathan", "action_flag": 2, "change_message": "Changed first_name and last_name. Added user profile \"UserProfile object\"."}}, {"model": "admin.logentry", "pk": 47, "fields": {"action_time": "2018-03-06T16:36:41.515Z", "user": 1, "content_type": 12, "object_id": "27", "object_repr": "Melissa", "action_flag": 2, "change_message": "Changed first_name and last_name. Added user profile \"UserProfile object\"."}}, {"model": "admin.logentry", "pk": 48, "fields": {"action_time": "2018-03-06T16:37:09.395Z", "user": 1, "content_type": 12, "object_id": "29", "object_repr": "John", "action_flag": 2, "change_message": "Changed first_name and last_name. Added user profile \"UserProfile object\"."}}, {"model": "admin.logentry", "pk": 49, "fields": {"action_time": "2018-03-06T18:17:38.824Z", "user": 1, "content_type": 12, "object_id": "28", "object_repr": "Alice", "action_flag": 2, "change_message": "No fields changed."}}, {"model": "admin.logentry", "pk": 50, "fields": {"action_time": "2018-03-06T19:07:29.484Z", "user": 1, "content_type": 12, "object_id": "28", "object_repr": "Alice", "action_flag": 2, "change_message": "Added user phone \"UserPhone object\"."}}, {"model": "admin.logentry", "pk": 51, "fields": {"action_time": "2018-03-06T19:10:03.901Z", "user": 1, "content_type": 12, "object_id": "29", "object_repr": "John", "action_flag": 2, "change_message": "Added user phone \"UserPhone object\"."}}, {"model": "admin.logentry", "pk": 52, "fields": {"action_time": "2018-03-06T19:10:20.034Z", "user": 1, "content_type": 12, "object_id": "27", "object_repr": "Melissa", "action_flag": 2, "change_message": "Added user phone \"UserPhone object\"."}}, {"model": "admin.logentry", "pk": 53, "fields": {"action_time": "2018-03-06T19:10:28.020Z", "user": 1, "content_type": 12, "object_id": "26", "object_repr": "Nathan", "action_flag": 2, "change_message": "Added user phone \"UserPhone object\"."}}, {"model": "admin.logentry", "pk": 54, "fields": {"action_time": "2018-03-06T20:05:20.562Z", "user": 1, "content_type": 12, "object_id": "28", "object_repr": "Alice", "action_flag": 2, "change_message": "Added user phone \"UserPhone object\"."}}, {"model": "admin.logentry", "pk": 55, "fields": {"action_time": "2018-03-06T20:05:31.013Z", "user": 1, "content_type": 12, "object_id": "29", "object_repr": "John", "action_flag": 2, "change_message": "Added user phone \"UserPhone object\"."}}, {"model": "admin.logentry", "pk": 56, "fields": {"action_time": "2018-03-06T20:05:43.852Z", "user": 1, "content_type": 12, "object_id": "27", "object_repr": "Melissa", "action_flag": 2, "change_message": "Added user phone \"UserPhone object\"."}}, {"model": "admin.logentry", "pk": 57, "fields": {"action_time": "2018-03-06T20:05:57.573Z", "user": 1, "content_type": 12, "object_id": "26", "object_repr": "Nathan", "action_flag": 2, "change_message": "Added user phone \"UserPhone object\"."}}, {"model": "admin.logentry", "pk": 58, "fields": {"action_time": "2018-03-08T12:01:54.462Z", "user": 1, "content_type": 12, "object_id": "28", "object_repr": "Alice", "action_flag": 2, "change_message": "Changed email."}}, {"model": "admin.logentry", "pk": 59, "fields": {"action_time": "2018-03-08T14:46:46.779Z", "user": 1, "content_type": 12, "object_id": "1", "object_repr": "Arthur", "action_flag": 2, "change_message": "Changed first_name and last_name."}}, {"model": "admin.logentry", "pk": 60, "fields": {"action_time": "2018-03-08T14:47:19.204Z", "user": 1, "content_type": 1, "object_id": "5", "object_repr": "Villa on Grand Avenu", "action_flag": 2, "change_message": "Changed user."}}, {"model": "admin.logentry", "pk": 61, "fields": {"action_time": "2018-03-08T14:47:27.410Z", "user": 1, "content_type": 1, "object_id": "1", "object_repr": "Home in Merrick Way", "action_flag": 2, "change_message": "Changed user."}}, {"model": "admin.logentry", "pk": 62, "fields": {"action_time": "2018-03-08T14:47:34.827Z", "user": 1, "content_type": 1, "object_id": "6", "object_repr": "Office Space at Northwest 107th", "action_flag": 2, "change_message": "Changed user."}}, {"model": "admin.logentry", "pk": 63, "fields": {"action_time": "2018-03-08T14:56:25.006Z", "user": 1, "content_type": 1, "object_id": "6", "object_repr": "Office Space at Northwest 107th", "action_flag": 2, "change_message": "Changed user."}}, {"model": "admin.logentry", "pk": 64, "fields": {"action_time": "2018-03-10T08:00:21.786Z", "user": 1, "content_type": 12, "object_id": "26", "object_repr": "Nathan", "action_flag": 2, "change_message": "Added user phone \"UserPhone object\"."}}, {"model": "admin.logentry", "pk": 65, "fields": {"action_time": "2018-03-11T20:24:28.681Z", "user": 1, "content_type": 18, "object_id": "1", "object_repr": "News object", "action_flag": 1, "change_message": "Added. Added news image \"NewsImage object\". Added news image \"NewsImage object\". Added news image \"NewsImage object\"."}}, {"model": "admin.logentry", "pk": 66, "fields": {"action_time": "2018-03-11T20:27:15.530Z", "user": 1, "content_type": 18, "object_id": "2", "object_repr": "Image Post Format", "action_flag": 1, "change_message": "Added. Added news image \"NewsImage object\". Added news image \"NewsImage object\". Added news image \"NewsImage object\"."}}, {"model": "admin.logentry", "pk": 67, "fields": {"action_time": "2018-03-11T20:28:17.302Z", "user": 1, "content_type": 18, "object_id": "3", "object_repr": "Another Image Post Format", "action_flag": 1, "change_message": "Added. Added news image \"NewsImage object\". Added news image \"NewsImage object\". Added news image \"NewsImage object\"."}}, {"model": "admin.logentry", "pk": 68, "fields": {"action_time": "2018-03-11T20:30:03.366Z", "user": 1, "content_type": 18, "object_id": "4", "object_repr": "Standard Post Format with Featured Image", "action_flag": 1, "change_message": "Added. Added news image \"NewsImage object\". Added news image \"NewsImage object\". Added news image \"NewsImage object\"."}}, {"model": "admin.logentry", "pk": 69, "fields": {"action_time": "2018-03-11T20:32:12.297Z", "user": 1, "content_type": 18, "object_id": "4", "object_repr": "Standard Post Format with Featured Image", "action_flag": 2, "change_message": "No fields changed."}}, {"model": "news.news", "pk": 1, "fields": {"title": "Gallery Post Format", "subtitle": "By John Doe Posted in Luxury On Jul 13, 2015", "text": "Competently harness enterprise vortals via revolutionary e-tailers. Monotonectally recaptiualize one-to-one relationships whereas ubiquitous core competencies. Proactively actualize proactive methodologies after process-centric mindshare.\r\n\r\nProfessionally transform enterprise architectures with client-centered leadership skills. Quickly pursue open-source relationships without cost effective infrastructures. Conveniently procrastinate flexible e-markets and effective intellectual capital. Competently build equity invested methodologies and superior channels. Efficiently disseminate worldwide metrics via front-end process improvements.", "slug": "gallery-post-format", "pub_date": "2018-03-11T20:24:28.668Z", "create_date": "2018-03-11T20:24:28.668Z", "user": 28}}, {"model": "news.news", "pk": 2, "fields": {"title": "Image Post Format", "subtitle": "By John Doe Posted in Luxury On Jul 13, 2015", "text": "Holistically scale client-focused growth strategies rather than go forward potentialities. Continually incubate prospective action items with unique architectures. Holistically strategize just in time web services.\r\n\r\nMorbi in sem quis dui placerat ornare. Pellentesque odio nisi, euismod in, pharetra a, ultricies in, diam. Sed arcu. Cras consequat.\r\nPraesent dapibus, neque id cursus faucibus, tortor neque egestas augue, eu vulputate magna eros eu erat. Aliquam erat volutpat. Nam dui mi, tincidunt quis, accumsan porttitor, facilisis luctus, metus.\r\nPhasellus ultrices nulla quis nibh. Quisque a lectus. Donec consectetuer ligula vulputate sem tristique cursus. Nam nulla quam, gravida non, commodo a, sodales sit amet, nisi.\r\nPellentesque fermentum dolor. Aliquam quam lectus, facilisis auctor, ultrices ut, elementum vulputate, nunc.\r\nSed adipiscing ornare risus. Morbi est est, blandit sit amet, sagittis vel, euismod vel, velit. Pellentesque egestas sem. Suspendisse commodo ullamcorper magna.", "slug": "image-post-format", "pub_date": "2018-03-11T20:27:15.517Z", "create_date": "2018-03-11T20:27:15.517Z", "user": 29}}, {"model": "news.news", "pk": 3, "fields": {"title": "Another Image Post Format", "subtitle": "By John Doe Posted in Market Trends On Jul 13, 20", "text": "Continually evolve open-source systems for highly efficient deliverables. Seamlessly extend dynamic content vis-a-vis reliable meta-services. Assertively underwhelm 24/365 methods of empowerment via strategic web-readiness. Competently architect strategic human capital before extensible growth strategies. Dramatically extend bricks-and-clicks bandwidth via market-driven human capital.", "slug": "another-image-post-format", "pub_date": "2018-03-11T20:28:17.292Z", "create_date": "2018-03-11T20:28:17.292Z", "user": 27}}, {"model": "news.news", "pk": 4, "fields": {"title": "Standard Post Format with Featured Image", "subtitle": "By John Doe Posted in Comfort On Jul 13, 2015", "text": "Proactively synthesize effective methodologies and synergistic networks. Dramatically envisioneer distinctive models with go forward supply chains. Competently extend client-centered markets through client-based value. Efficiently communicate web-enabled manufactured products after fully researched total linkage. Dynamically recaptiualize cooperative relationships after client-based internal or \u201corganic\u201d sources.\r\n\r\nHolisticly monetize low-risk high-yield platforms with standardized growth strategies. Assertively plagiarize bricks-and-clicks methods of empowerment with enabled initiatives. Uniquely disseminate magnetic human capital whereas functional web-readiness. Collaboratively promote fully researched communities via resource maximizing markets. Efficiently repurpose state of the art e-business with innovative bandwidth.", "slug": "standard-post-format-with-featured-image", "pub_date": "2018-03-11T20:30:03.355Z", "create_date": "2018-03-11T20:32:12.291Z", "user": 26}}, {"model": "authentication.userfavorites", "pk": 4, "fields": {"user": 1, "house": 1}}, {"model": "authentication.userfavorites", "pk": 6, "fields": {"user": 1, "house": 3}}, {"model": "authentication.userfavorites", "pk": 7, "fields": {"user": 28, "house": 1}}, {"model": "authentication.userphone", "pk": 1, "fields": {"body": "1-234-456-7893", "user": 28, "phone": 2}}, {"model": "authentication.userphone", "pk": 2, "fields": {"body": "1-234-456-7893", "user": 29, "phone": 2}}, {"model": "authentication.userphone", "pk": 3, "fields": {"body": "1-234-456-7893", "user": 27, "phone": 2}}, {"model": "authentication.userphone", "pk": 4, "fields": {"body": "1-234-456-7893", "user": 26, "phone": 2}}, {"model": "authentication.userphone", "pk": 5, "fields": {"body": "1-234-456-7893", "user": 26, "phone": 3}}, {"model": "authentication.userprofile", "pk": 1, "fields": {"user": 1, "avatar": "./man.png", "text": "", "slug": "-", "user_role": null}}, {"model": "authentication.userprofile", "pk": 2, "fields": {"user": 28, "avatar": "./agent-4-210x210.jpg", "text": "", "slug": "alice-brian", "user_role": 2}}, {"model": "authentication.userprofile", "pk": 3, "fields": {"user": 29, "avatar": "./agent-1-210x210.jpg", "text": "", "slug": "john-david", "user_role": 2}}, {"model": "authentication.userprofile", "pk": 4, "fields": {"user": 26, "avatar": "./agent-3-210x210.jpg", "text": "", "slug": "nathan-james", "user_role": 2}}, {"model": "authentication.userprofile", "pk": 5, "fields": {"user": 27, "avatar": "./agent-2-210x210.jpg", "text": "", "slug": "melissa-william", "user_role": 2}}, {"model": "buildings.housevisited", "pk": 1, "fields": {"house": 1, "user": 1}}, {"model": "buildings.housevisited", "pk": 2, "fields": {"house": 2, "user": 1}}, {"model": "buildings.housevisited", "pk": 3, "fields": {"house": 3, "user": 1}}, {"model": "buildings.housevisited", "pk": 4, "fields": {"house": 5, "user": 1}}, {"model": "buildings.housevisited", "pk": 5, "fields": {"house": 6, "user": 1}}, {"model": "buildings.housevisited", "pk": 6, "fields": {"house": 3, "user": 28}}, {"model": "buildings.housevisited", "pk": 7, "fields": {"house": 2, "user": 28}}, {"model": "buildings.housevisited", "pk": 8, "fields": {"house": 6, "user": 28}}, {"model": "buildings.housevisited", "pk": 9, "fields": {"house": 1, "user": 28}}, {"model": "buildings.housevisited", "pk": 10, "fields": {"house": 2, "user": 27}}, {"model": "buildings.housevisited", "pk": 11, "fields": {"house": 6, "user": 27}}, {"model": "buildings.housevisited", "pk": 12, "fields": {"house": 1, "user": 29}}, {"model": "buildings.housevisited", "pk": 13, "fields": {"house": 6, "user": 29}}, {"model": "buildings.house", "pk": 1, "fields": {"title": "Home in Merrick Way", "discription": "Enchanting three bedroom, three bath home with spacious one bedroom, one bath cabana, in-laws quarters. Charming living area features fireplace and fabulous art deco details. Formal dining room. Remod", "slug": "home-in-merrick-way", "image_url": "./property-09-exterior-680x510.jpg", "status": "FR", "price": 540000, "bedrooms": 3, "bathrooms": 3, "area": 42000, "pub_date": "2018-02-20T19:27:40.659Z", "user": 26}}, {"model": "buildings.house", "pk": 2, "fields": {"title": "Villa in Coral Gables", "discription": "Enjoy serenity of Deering Bay whole day from this spectacular North and South, three bedroom, three and a half bath Milano unit with 10ft ceilings which provide light and airy views of the golf course", "slug": "villa-in-coral-gables", "image_url": "./property-04-exterior-680x510_GT8oy6q.jpg", "status": "FR", "price": 4500000, "bedrooms": 3, "bathrooms": 3, "area": 4200, "pub_date": "2018-02-20T19:28:49.717Z", "user": 1}}, {"model": "buildings.house", "pk": 3, "fields": {"title": "Villa on Hollywood Boulevard", "discription": "The very best waterfront location in Harbor Islands complete with private dock and amazing water frontage! Offering panoramic water views, this spacious home has volume ceilings and offers a rarely av", "slug": "villa-on-hollywood-boulevard", "image_url": "./property-02-exterior-680x510_ob1VIQO.jpg", "status": "FR", "price": 43000, "bedrooms": 5, "bathrooms": 6, "area": 4300, "pub_date": "2018-02-20T19:30:10.181Z", "user": 1}}, {"model": "buildings.house", "pk": 4, "fields": {"title": "Villa on Grand Avenue", "discription": "Spacious and fabulous home in prime location. This executive style four bed, four bath home has impact resistant windows, renovated kitchen with wood cabinets, granite countertops and luminous breakfa", "slug": "villa-on-grand-avenue", "image_url": "./property-06-exterior-680x510_Sak3Zv5.jpg", "status": "FR", "price": 3200000, "bedrooms": 5, "bathrooms": 3, "area": 4300, "pub_date": "2018-02-20T19:31:19.420Z", "user": 1}}, {"model": "buildings.house", "pk": 5, "fields": {"title": "Villa on Grand Avenu", "discription": "pacious and fabulous home in prime location. This executive style four bed, four bath home has impact resistant windows, renovated kitchen with wood cabinets, granite countertops and luminous breakfas", "slug": "villa-on-grand-avenu", "image_url": "./property-04-exterior-680x510_PmhgGVm.jpg", "status": "FR", "price": 4300, "bedrooms": 3, "bathrooms": 3, "area": 3455, "pub_date": "2018-02-20T19:33:49.356Z", "user": 29}}, {"model": "buildings.house", "pk": 6, "fields": {"title": "Office Space at Northwest 107th", "discription": "Beautifully landscaped four story building and professionally decorated common areas. After hours secured entry access. Adjacent to famous hotels. Ample free parking. Restaurants, banks, pharmacy and", "slug": "office-space-at-northwest-107th", "image_url": "./property-11-exterior-680x510.jpg", "status": "FR", "price": 345000, "bedrooms": 4, "bathrooms": 1, "area": 4300, "pub_date": "2018-02-20T19:34:56.626Z", "user": 28}}]